transaction_id,store_id,product_id,quantity,transaction_date,price
6c8c4850-13be-454f-8dce-30054f2330c4,682bda8b-ca30-4a13-b402-98756c99ca31,6a8c7b88-109d-4c16-b8a4-dd746a85cf9c,3,"February 25, 2024",1.31
0b0652c8-3b86-41f0-9783-078bf16728c1,386f3a5d-0f59-418e-b801-e87d4e934d0e,c0e7d22d-45c2-45e2-9994-38c67e622b05,5,2024-07-04,6.43
cc125e29-a638-46df-b561-ebf42ecfe9ca,088a0530-7d47-4cc5-b5fe-970fe90f739e,c0e7d22d-45c2-45e2-9994-38c67e622b05,5,2024/11/04,17.74
0fd7f788-cb9b-490a-a747-d094b5887936,73584d32-36c2-47a2-8931-8d673142799a,e0afe57d-aaf2-4cd9-b1d3-579ee656a38f,6,05/15/2024,15.93
35faa015-54f6-4801-bb76-ca220953e236,7d2714eb-0f4d-4678-b8f8-874f8f5d0321,a01c1b22-38b9-4424-8fd8-f1f9a622267a,7,20-11-2024,15.44
8863e715-2aaa-4d8b-a652-8093c4949bb8,59a46c77-d9e7-44bf-9bdc-8a07029d3f9a,b0d7afc2-bc3d-4b8c-b528-0302113b7e80,1,03/22/2024,17.49
55bd6222-3fef-46ea-a9fc-bd707d41a31c,a61053e5-6257-40ee-9d0c-628889ab5e98,f2d13b31-67cd-4dcc-a00e-da583d174cec,1,04/08/2024,4.74
88c5547f-0d85-4d25-a8bd-b8e4ce9b8b88,7d2714eb-0f4d-4678-b8f8-874f8f5d0321,4a2ca160-aec2-4665-be44-61fd561edfba,4,2024/03/12,15.51
35c51f06-7b18-4039-8cda-1003db4c5290,73584d32-36c2-47a2-8931-8d673142799a,81d53547-43d0-4743-a70a-8b89f519ebb1,9,03-08-2024,8.39
8ac5ebc1-7d1e-46d1-b58b-e9fe89578ab1,682bda8b-ca30-4a13-b402-98756c99ca31,c6e22882-ab6f-4b40-a811-57c2b0a4ae5d,7,2024/11/02,4.23
bd14e6d5-341d-4cb2-8437-0991d1d6981f,967ef768-b078-43f9-88a3-703ff050bd59,b5991c56-e291-4865-8096-c294000f2875,8,2024/03/28,9.28
571ae678-8960-483b-8a5d-5e24693b9071,faa33a21-bfb5-452c-a713-02bc3c8f050b,c149aff3-3b7b-4391-a2c1-7974e4cf083f,1,"March 10, 2024",17.86
7de3f045-0257-4235-91f9-8635d9e97ad9,386f3a5d-0f59-418e-b801-e87d4e934d0e,a01c1b22-38b9-4424-8fd8-f1f9a622267a,9,2024-09-18,9.92
b8c99aeb-7cd4-42f7-8096-0c4749b419f0,0e254a05-ba1f-4cdf-b0a1-991eb480376e,618abed2-9361-4906-a06e-661dec867184,9,2024-06-23,11.32
5ac5e29f-7d0b-4c0f-bccc-17f2afb97507,50acef5e-cf8b-4164-a3df-b8e815be94f0,80c144ee-2c07-4ee9-8778-8198ec6b3c12,6,13-11-2024,6.89
9119737a-a742-4b8c-875e-f37a7298024c,0e254a05-ba1f-4cdf-b0a1-991eb480376e,16ec1185-6380-444c-beb8-306049d1eed5,5,2024-05-24,11.93
c87e6479-a0fa-4166-952d-26d022b08c7b,e4bafc6b-5548-45b5-8ef5-b51462a601b8,ed7d48cf-14df-4442-a59f-2b9b25afacc7,8,04/02/2024,9.57
2fa982d6-dbb2-4813-b377-e1172699b000,e4bafc6b-5548-45b5-8ef5-b51462a601b8,e8083238-1419-471e-93e1-25463dcce67a,3,09/19/2024,17.75
4c166294-ea60-4473-8007-b80a3696c580,e4bafc6b-5548-45b5-8ef5-b51462a601b8,380fa250-fe6d-4155-adfc-ea3d7d5654f5,3,17-10-2024,5.94
d8b9d5fd-5c85-4aa0-bd4b-4b5889260600,d60670d3-a5f3-481d-9c5d-19eb6268d53a,b0d7afc2-bc3d-4b8c-b528-0302113b7e80,1,10/22/2024,2.05
f69d97f5-7818-4fa0-8a04-eaf25d331323,7d2714eb-0f4d-4678-b8f8-874f8f5d0321,42840604-ba4f-45e9-b89a-e54ad1b3d8fc,8,2024/08/02,15.15
f968ef21-65e8-4361-918c-508fe50a4588,7d2714eb-0f4d-4678-b8f8-874f8f5d0321,7f5412d3-a91c-497d-b019-ca285575e455,6,15-01-2024,6.51
260fc832-7f8d-4d9a-8e18-fae1327fa0f8,faa33a21-bfb5-452c-a713-02bc3c8f050b,16ec1185-6380-444c-beb8-306049d1eed5,5,2024/06/26,8.34
d578c9cb-4b0b-4bfe-ac59-3ed54c0db00c,5fe156c6-3070-4ff4-886c-ca98fbc10c31,06834baa-35cc-49d8-8379-bc4e2ccbd61a,10,11/18/2024,17.64
9024842d-13a9-4c91-8f17-e333156783b9,1cd0e7db-18b3-4fda-b087-3db1e2c8b650,779851ce-26fd-455b-b313-d408ec90c18f,6,2024/10/06,11.86
31f87d71-86aa-48d5-8e82-8a151815c5b8,42ed8206-a585-4852-8af9-61e425187eb6,4a2ca160-aec2-4665-be44-61fd561edfba,9,09/01/2024,2.09
ed3d83ea-9d2b-48bb-93fb-ebf3435507d3,09b47ece-9b7e-4b2e-be57-b0d22a19a515,779851ce-26fd-455b-b313-d408ec90c18f,8,"September 13, 2024",16.54
d620e2c9-8169-485f-aa33-1d9818c27601,5fe156c6-3070-4ff4-886c-ca98fbc10c31,f10c6ee0-d446-4078-aa65-b16e3b30b002,10,"January 19, 2024",15.92
aa6697e6-a496-44b3-8e96-768f4c658ac3,1ad37f48-48b5-4366-abbe-f12ff17ee122,776efa5e-5fc1-499c-af9f-eb6ac465234c,4,2024/08/05,15.99
38927946-2d78-4112-a475-4d36218c2f23,42ed8206-a585-4852-8af9-61e425187eb6,ff93357b-d490-4dc5-a773-7183a0c3e122,9,17-07-2024,2.05
9f750ebe-9512-4fde-b417-0123d0399856,d60670d3-a5f3-481d-9c5d-19eb6268d53a,a7a0d1a6-2fae-4095-b218-d33ba7f89bbc,1,2024/07/19,18.32
4da5f138-9aa5-4478-90fd-dbff09a8a856,682bda8b-ca30-4a13-b402-98756c99ca31,8a42b3b8-fe31-49e2-bf77-040c1984af1c,7,10-09-2024,10.77
c1706daa-6ec8-40db-92cf-53aa78dc013c,088a0530-7d47-4cc5-b5fe-970fe90f739e,8d954cbc-f7ec-47b9-8108-3df8e61dd04e,8,"September 12, 2024",2.94
5951e0a1-0357-4c2f-a8fa-22bf6f909cbf,967ef768-b078-43f9-88a3-703ff050bd59,779851ce-26fd-455b-b313-d408ec90c18f,7,01/01/2024,19.76
cf16214c-632d-4b8b-9dbb-a07b29d93e73,42ed8206-a585-4852-8af9-61e425187eb6,8d954cbc-f7ec-47b9-8108-3df8e61dd04e,1,05-05-2024,6.76
cb2e7a62-480e-47a9-ae5d-4e2e6b9f418b,51b48600-3db2-4991-ab7a-1f86a0833258,6a8c7b88-109d-4c16-b8a4-dd746a85cf9c,1,2024-04-30,18.6
5dc63152-a9c0-43be-b3b3-584a75a70292,faa33a21-bfb5-452c-a713-02bc3c8f050b,c149aff3-3b7b-4391-a2c1-7974e4cf083f,3,06-07-2024,15.56
c7bf571a-6e52-4947-ab71-8d32ec5b81e5,73584d32-36c2-47a2-8931-8d673142799a,380fa250-fe6d-4155-adfc-ea3d7d5654f5,1,2024-03-06,8.06
6d37c7f9-69c1-42c4-be2f-e0d6d093dc8d,0e254a05-ba1f-4cdf-b0a1-991eb480376e,25c316b1-cba0-42c8-aa14-43f31f758e2b,1,2024-01-11,15.64
49185f72-1e09-4735-8c0c-f6114b064fdb,d60670d3-a5f3-481d-9c5d-19eb6268d53a,380fa250-fe6d-4155-adfc-ea3d7d5654f5,7,04/10/2024,5.77
cdac66aa-eb61-4ef4-b1f9-bd352f033d04,5fe156c6-3070-4ff4-886c-ca98fbc10c31,ed7d48cf-14df-4442-a59f-2b9b25afacc7,10,2024-07-10,12.3
ce365c2b-810a-48a4-a955-2731c32bb771,73584d32-36c2-47a2-8931-8d673142799a,65c0b614-cddf-4a0e-9338-2c6b9f9cd2d6,7,2024-02-02,14.67
62d27769-5774-4be4-aa54-e70af28907f5,1ad37f48-48b5-4366-abbe-f12ff17ee122,e3bc2ab8-6e76-48e2-92a0-e4f1f27ea0bc,5,2024-01-15,14.82
ddbfd102-815d-4616-8467-798312dc9e27,42ed8206-a585-4852-8af9-61e425187eb6,7f5412d3-a91c-497d-b019-ca285575e455,3,27-02-2024,4.78
7aa9d78b-2564-4025-a47d-345ae1d5ac9a,d1a10e64-e011-4ac6-8d2e-29ba3d7df5b2,42840604-ba4f-45e9-b89a-e54ad1b3d8fc,3,08/25/2024,3.1
182d1681-ecea-4c08-bf61-c43505ef9803,967ef768-b078-43f9-88a3-703ff050bd59,f10c6ee0-d446-4078-aa65-b16e3b30b002,2,2024-06-22,4.85
12527388-6ff8-4f5d-be3e-6d59ae46874e,50acef5e-cf8b-4164-a3df-b8e815be94f0,b0d7afc2-bc3d-4b8c-b528-0302113b7e80,3,2024/10/26,19.85
602b2077-87f9-4235-95c0-290b8e90d263,386f3a5d-0f59-418e-b801-e87d4e934d0e,4f30dd6c-1470-48ef-9145-5a527f022362,1,03-01-2024,13.31
505033d0-532b-4b2b-adbc-26caed2417d1,96c7bca4-5cb7-4da8-9deb-32124176d529,a01c1b22-38b9-4424-8fd8-f1f9a622267a,9,"July 30, 2024",6.71
581bd720-5b3e-4cc7-94c0-256678f661d7,50acef5e-cf8b-4164-a3df-b8e815be94f0,a7a0d1a6-2fae-4095-b218-d33ba7f89bbc,8,"September 30, 2024",13.77
41fc54bc-1174-4767-8e92-70c708d2240c,d60670d3-a5f3-481d-9c5d-19eb6268d53a,16ec1185-6380-444c-beb8-306049d1eed5,2,"October 24, 2024",5.25
f68382f3-a605-4e07-8598-e331943dbe08,0e254a05-ba1f-4cdf-b0a1-991eb480376e,b0d7afc2-bc3d-4b8c-b528-0302113b7e80,10,2024/03/13,18.24
f65b77bc-0529-4f23-b8fa-5d10b18e5f00,51b48600-3db2-4991-ab7a-1f86a0833258,bd8a19b3-c86d-4969-b7e4-8a87233f5958,2,08/21/2024,4.63
c04f8e38-ff28-41a8-8988-8a885072b625,42ed8206-a585-4852-8af9-61e425187eb6,a01c1b22-38b9-4424-8fd8-f1f9a622267a,3,06-04-2024,14.5
4450c263-2821-41ba-8b3a-20f9d2b57e17,73584d32-36c2-47a2-8931-8d673142799a,24627162-4278-43d3-a8fc-bad5a0b0d2cd,9,2024/03/06,9.38
01151db1-29f7-4f63-b5de-4ee213be4769,09b47ece-9b7e-4b2e-be57-b0d22a19a515,bcbd6c80-c7ac-4b0b-9868-577411f31561,2,04/20/2024,14.55
88b70dec-a6d0-4ae7-a317-19056c3487b2,d60670d3-a5f3-481d-9c5d-19eb6268d53a,dd98c054-b910-4d10-991d-82adca90c819,10,"June 20, 2024",18.05
0452fda4-94b8-4fa1-aabc-65d563e21e25,967ef768-b078-43f9-88a3-703ff050bd59,7f5412d3-a91c-497d-b019-ca285575e455,5,2024-11-08,18.61
6a9f2df9-c919-4c5e-9c6a-a068daf2612e,09b47ece-9b7e-4b2e-be57-b0d22a19a515,8d954cbc-f7ec-47b9-8108-3df8e61dd04e,10,06/08/2024,15.11
1aac1241-683e-4a38-8c99-e91e7a576594,51b48600-3db2-4991-ab7a-1f86a0833258,d99f195f-c737-48f4-b1ec-98e97c771ffd,1,15-10-2024,4.0
7729ecd5-003a-4f7d-937d-8e2ab1abc41e,386f3a5d-0f59-418e-b801-e87d4e934d0e,1902780f-d290-4aba-8996-6329e53b25fa,10,2024-08-08,10.1
64d7b99e-a257-4304-85fd-ebe463516ace,d60670d3-a5f3-481d-9c5d-19eb6268d53a,46161afc-0b2f-4018-bde9-cffb1484233e,9,2024-01-21,2.04
74e58c23-76d8-4593-a13a-40da32c3ab95,e4bafc6b-5548-45b5-8ef5-b51462a601b8,f6cc844a-34de-4cb3-9ffc-c9356d2c00ea,4,28-06-2024,10.46
58e51b53-225d-4c68-add4-089392e82300,570436dc-9e27-4523-9d3d-76a4d02794ac,618abed2-9361-4906-a06e-661dec867184,5,27-10-2024,16.41
50ca4316-241b-4ac2-8032-464933b21ec3,570436dc-9e27-4523-9d3d-76a4d02794ac,65a6e72f-935d-4502-b5d6-7f111e03b24f,2,"June 29, 2024",12.14
89ceae5f-2925-40a4-a285-49cdd0cd2b0a,09b47ece-9b7e-4b2e-be57-b0d22a19a515,779851ce-26fd-455b-b313-d408ec90c18f,8,2024-06-24,18.21
c8f9a562-3f3c-4cc4-a115-ebb4052d554d,42ed8206-a585-4852-8af9-61e425187eb6,c6e22882-ab6f-4b40-a811-57c2b0a4ae5d,6,2024-07-11,19.18
dd6ec4eb-a783-4602-b86d-0890e25b6829,42ed8206-a585-4852-8af9-61e425187eb6,779851ce-26fd-455b-b313-d408ec90c18f,5,"July 16, 2024",7.22
da63e26b-aae8-48b4-8dac-ed60ba47800e,51b48600-3db2-4991-ab7a-1f86a0833258,4f30dd6c-1470-48ef-9145-5a527f022362,7,12-02-2024,12.05
5c4905a8-4cfd-4e69-93ff-bbac0b4245c7,682bda8b-ca30-4a13-b402-98756c99ca31,a01c1b22-38b9-4424-8fd8-f1f9a622267a,6,2024/05/12,4.25
fd4054ac-3595-4803-9fcd-58c21d385804,e4bafc6b-5548-45b5-8ef5-b51462a601b8,c149aff3-3b7b-4391-a2c1-7974e4cf083f,9,"August 16, 2024",10.18
748d19f7-8412-4b76-b051-3d98f9532ab8,1cd0e7db-18b3-4fda-b087-3db1e2c8b650,25c316b1-cba0-42c8-aa14-43f31f758e2b,8,2024/09/09,5.4
110515d3-05f2-49c5-bdf9-dddd0d038855,7d2714eb-0f4d-4678-b8f8-874f8f5d0321,776efa5e-5fc1-499c-af9f-eb6ac465234c,6,"April 04, 2024",6.7
1d4d3b5a-b362-4593-8621-b62ccef1f6bf,570436dc-9e27-4523-9d3d-76a4d02794ac,65c0b614-cddf-4a0e-9338-2c6b9f9cd2d6,6,2024/10/19,17.35
5883ec13-8877-4ebd-a16f-9c964dd64945,0e254a05-ba1f-4cdf-b0a1-991eb480376e,d99f195f-c737-48f4-b1ec-98e97c771ffd,5,01/08/2024,19.5
c5102bf4-60a3-4354-92ad-cec96a5a3e38,7d2714eb-0f4d-4678-b8f8-874f8f5d0321,42840604-ba4f-45e9-b89a-e54ad1b3d8fc,6,08-02-2024,2.92
d47983aa-6e4b-4c05-8b9b-c61afc3bb268,96c7bca4-5cb7-4da8-9deb-32124176d529,d99f195f-c737-48f4-b1ec-98e97c771ffd,5,28-10-2024,19.97
4a48500a-aaba-41c6-a903-9241322e166c,0e254a05-ba1f-4cdf-b0a1-991eb480376e,8a42b3b8-fe31-49e2-bf77-040c1984af1c,9,"January 02, 2024",3.03
c313d50c-62be-4674-a6c1-f570d33e47b9,96c7bca4-5cb7-4da8-9deb-32124176d529,4c5a307e-78b9-4290-89d0-aa95b6fed8cd,2,2024/10/14,8.63
abc2070e-a303-4ecc-a1cd-edc2de7a35f0,5fe156c6-3070-4ff4-886c-ca98fbc10c31,42840604-ba4f-45e9-b89a-e54ad1b3d8fc,7,2024-10-08,9.71
b12fe501-8abb-4685-85a2-3100ddd73c83,1ad37f48-48b5-4366-abbe-f12ff17ee122,7f5412d3-a91c-497d-b019-ca285575e455,4,23-03-2024,17.07
f4a6e552-dbed-49d2-b43f-e6b7d58b2627,5fe156c6-3070-4ff4-886c-ca98fbc10c31,24627162-4278-43d3-a8fc-bad5a0b0d2cd,1,27-04-2024,8.79
843e0932-8272-40ad-9318-8023050437b0,09b47ece-9b7e-4b2e-be57-b0d22a19a515,bcbd6c80-c7ac-4b0b-9868-577411f31561,10,"April 30, 2024",13.47
afc0146a-bb4b-4f94-9a87-b5d31f46de07,682bda8b-ca30-4a13-b402-98756c99ca31,65c0b614-cddf-4a0e-9338-2c6b9f9cd2d6,1,"October 08, 2024",2.81
8baab882-1cf5-4af3-a960-789f27e880b8,faa33a21-bfb5-452c-a713-02bc3c8f050b,ff93357b-d490-4dc5-a773-7183a0c3e122,5,10/21/2024,19.93
a52b5321-3016-4fec-8593-cccec35ab559,e4bafc6b-5548-45b5-8ef5-b51462a601b8,776efa5e-5fc1-499c-af9f-eb6ac465234c,1,2024-05-18,12.36
2474af29-f361-4556-ac2e-204b7f5097c6,1cd0e7db-18b3-4fda-b087-3db1e2c8b650,65c0b614-cddf-4a0e-9338-2c6b9f9cd2d6,1,2024-04-13,15.24
d1974c43-a7e8-47d6-b5bd-d1e41aa7d8a9,09b47ece-9b7e-4b2e-be57-b0d22a19a515,618abed2-9361-4906-a06e-661dec867184,4,03-10-2024,5.96
af2f7cc8-f567-4b27-b697-ace0a5374319,570436dc-9e27-4523-9d3d-76a4d02794ac,cfdaf658-8fc6-4ca1-89ec-bb89dd3f2a8f,1,"February 26, 2024",5.65
44fff771-ec27-45aa-90a4-0aafc20bfcfe,3377160f-381a-4b32-b9f4-ba6128af89cc,c149aff3-3b7b-4391-a2c1-7974e4cf083f,5,"July 24, 2024",8.79
b2c3c1a4-5467-445b-b366-6c904550912c,e4bafc6b-5548-45b5-8ef5-b51462a601b8,8d954cbc-f7ec-47b9-8108-3df8e61dd04e,3,2024-03-20,9.66
2cd72228-e9bf-4369-b518-c792b3e35f86,63d49059-4a7d-4d7d-996e-4c748d79ce4a,6a8c7b88-109d-4c16-b8a4-dd746a85cf9c,2,01/24/2024,12.46
f19fb2c4-3228-4065-a767-8375fd9f00a2,d1a10e64-e011-4ac6-8d2e-29ba3d7df5b2,a9393ae3-daeb-42c6-8b8a-1efe1762c59d,7,28-01-2024,1.88
3bcdb0eb-d814-4d5d-9fd6-633005d2932e,0e254a05-ba1f-4cdf-b0a1-991eb480376e,46161afc-0b2f-4018-bde9-cffb1484233e,2,2024/03/14,12.92
92f444ce-66e4-4133-ae63-91b670080400,42ed8206-a585-4852-8af9-61e425187eb6,bd8a19b3-c86d-4969-b7e4-8a87233f5958,9,2024-08-19,13.18
285a9689-69f5-437e-bb56-ed2a241836a9,d60670d3-a5f3-481d-9c5d-19eb6268d53a,4c5a307e-78b9-4290-89d0-aa95b6fed8cd,2,2024-06-11,18.24
5d9d2904-7b6c-4d67-ae71-dc35f348f7c7,682bda8b-ca30-4a13-b402-98756c99ca31,bd8a19b3-c86d-4969-b7e4-8a87233f5958,6,2024-03-24,2.5
73b3ccbf-3395-4b20-bc72-f9a446d5419d,570436dc-9e27-4523-9d3d-76a4d02794ac,bcbd6c80-c7ac-4b0b-9868-577411f31561,9,2024-11-09,15.93
4a3ff90a-e696-4c9e-a971-3ad5312cda3e,088a0530-7d47-4cc5-b5fe-970fe90f739e,7f5412d3-a91c-497d-b019-ca285575e455,10,"September 10, 2024",18.29
b67d6720-e436-453e-8e4f-4a057b2d53d5,96c7bca4-5cb7-4da8-9deb-32124176d529,a01c1b22-38b9-4424-8fd8-f1f9a622267a,1,14-04-2024,3.06
57f34e73-147c-47fa-b6d8-f4ef19afd560,0e254a05-ba1f-4cdf-b0a1-991eb480376e,76482205-c170-49f4-95d9-29f1c0e4131d,8,"October 01, 2024",2.06
bb64ae88-632d-4a8d-bfb4-dc1e694b2187,50acef5e-cf8b-4164-a3df-b8e815be94f0,4f30dd6c-1470-48ef-9145-5a527f022362,1,"April 09, 2024",11.22
348ec005-1508-4e7f-8f9d-9d5b05ea5e7a,42ed8206-a585-4852-8af9-61e425187eb6,779851ce-26fd-455b-b313-d408ec90c18f,1,2024/03/16,19.36
2dedce7f-ed93-4a0f-924c-84361ec36d07,570436dc-9e27-4523-9d3d-76a4d02794ac,ebb250a9-2a73-45e4-b503-e34a5d499014,8,2024/02/04,8.06
838a2e1c-bd4d-44b1-9752-75fbe198e31b,09b47ece-9b7e-4b2e-be57-b0d22a19a515,4c5a307e-78b9-4290-89d0-aa95b6fed8cd,9,2024/04/18,6.57
dbe39e3f-a683-45c6-bc28-13c40fc4409a,7d2714eb-0f4d-4678-b8f8-874f8f5d0321,a7a0d1a6-2fae-4095-b218-d33ba7f89bbc,1,08/13/2024,5.08
4c44b67b-db0b-4c09-9d0a-a05afc3a93cb,42ed8206-a585-4852-8af9-61e425187eb6,25c316b1-cba0-42c8-aa14-43f31f758e2b,3,2024-02-14,17.26
0bbcdd98-b006-4599-8405-7395eda8e54c,1251bed4-84a5-449d-9014-91649374edb7,bcbd6c80-c7ac-4b0b-9868-577411f31561,5,"October 31, 2024",15.09
84fce460-bacf-4607-976b-65354fd294d2,967ef768-b078-43f9-88a3-703ff050bd59,f2d13b31-67cd-4dcc-a00e-da583d174cec,3,05/07/2024,1.56
39eec412-2357-4cac-96aa-26110add80df,1ad37f48-48b5-4366-abbe-f12ff17ee122,618abed2-9361-4906-a06e-661dec867184,8,10/12/2024,3.32
2dfc0309-59e5-46ce-be92-7517944f9eb9,1ad37f48-48b5-4366-abbe-f12ff17ee122,421f3c34-8213-422b-b57e-8a7515e20034,6,04/13/2024,9.01
b59e2651-f8d2-4e3d-82c2-b87f2cd5ec05,1ad37f48-48b5-4366-abbe-f12ff17ee122,d99f195f-c737-48f4-b1ec-98e97c771ffd,5,"January 01, 2024",2.56
03c34078-dfa8-4086-85f9-bb43c1f807a9,088a0530-7d47-4cc5-b5fe-970fe90f739e,7f5412d3-a91c-497d-b019-ca285575e455,9,2024/03/09,17.47
b2e67e88-4706-4f66-a8a0-8d68ba235cdb,386f3a5d-0f59-418e-b801-e87d4e934d0e,ed7d48cf-14df-4442-a59f-2b9b25afacc7,9,2024/04/24,1.83
0db37f11-b262-473a-8074-730189f36cca,d1a10e64-e011-4ac6-8d2e-29ba3d7df5b2,776efa5e-5fc1-499c-af9f-eb6ac465234c,1,04-10-2024,2.96
6e689c12-6da9-4406-85ad-99fe22459144,e4bafc6b-5548-45b5-8ef5-b51462a601b8,dd98c054-b910-4d10-991d-82adca90c819,4,2024-03-30,4.56
fe7cf97e-e79b-49d1-b210-cf73a891d04d,570436dc-9e27-4523-9d3d-76a4d02794ac,f6cc844a-34de-4cb3-9ffc-c9356d2c00ea,3,10-10-2024,13.92
5295b1e1-c928-4312-8f3a-21cf84757d07,50acef5e-cf8b-4164-a3df-b8e815be94f0,8a42b3b8-fe31-49e2-bf77-040c1984af1c,4,"February 24, 2024",9.03
b30ef5a8-db8b-42e8-aa79-d678215092f2,d60670d3-a5f3-481d-9c5d-19eb6268d53a,bcbd6c80-c7ac-4b0b-9868-577411f31561,6,2024/02/23,14.3
ecb66319-e372-46de-b762-af85380ade84,09b47ece-9b7e-4b2e-be57-b0d22a19a515,a9393ae3-daeb-42c6-8b8a-1efe1762c59d,4,04-09-2024,14.78
7f3fcf8b-ffb9-438b-bd6b-4ba18935deda,7d2714eb-0f4d-4678-b8f8-874f8f5d0321,c6e22882-ab6f-4b40-a811-57c2b0a4ae5d,3,"July 21, 2024",2.94
9b7310d6-284b-43d2-b96d-6e8fb87be702,50acef5e-cf8b-4164-a3df-b8e815be94f0,bd8a19b3-c86d-4969-b7e4-8a87233f5958,10,05/15/2024,7.95
92f5dd11-7ad0-476a-a465-d4045d3a94ec,50acef5e-cf8b-4164-a3df-b8e815be94f0,80c144ee-2c07-4ee9-8778-8198ec6b3c12,6,2024-08-25,15.3
cc8bfafc-bc09-430e-9fb9-297b15917449,1cd0e7db-18b3-4fda-b087-3db1e2c8b650,b0d7afc2-bc3d-4b8c-b528-0302113b7e80,2,09/11/2024,4.16
c332f238-2cf9-441c-882e-91ab1d02e2e4,42ed8206-a585-4852-8af9-61e425187eb6,4f30dd6c-1470-48ef-9145-5a527f022362,8,2024/05/08,15.7
bd228878-3ae3-4c98-960d-4064d5500e11,386f3a5d-0f59-418e-b801-e87d4e934d0e,4a2ca160-aec2-4665-be44-61fd561edfba,7,"September 08, 2024",17.5
29bf71d1-ee55-47f8-8b73-3aff8d9c13a5,570436dc-9e27-4523-9d3d-76a4d02794ac,380fa250-fe6d-4155-adfc-ea3d7d5654f5,2,"November 16, 2024",6.61
7c39fcc5-37c5-42b7-a4a9-540fe03a272f,faa33a21-bfb5-452c-a713-02bc3c8f050b,76482205-c170-49f4-95d9-29f1c0e4131d,4,03/31/2024,9.91
9cee0f68-d72a-435d-a8a4-a73f1278a4e1,682bda8b-ca30-4a13-b402-98756c99ca31,16ec1185-6380-444c-beb8-306049d1eed5,2,2024-05-01,11.47
382ad7cd-a8f2-4589-9c36-9c5ee4a79e4c,d60670d3-a5f3-481d-9c5d-19eb6268d53a,b0d7afc2-bc3d-4b8c-b528-0302113b7e80,9,01-07-2024,4.2
d78490fc-f0d6-43ef-823b-c08c41d2b9c3,50acef5e-cf8b-4164-a3df-b8e815be94f0,a01c1b22-38b9-4424-8fd8-f1f9a622267a,8,10-05-2024,6.44
113e9b53-fa55-4985-b13b-93521178cf89,1cd0e7db-18b3-4fda-b087-3db1e2c8b650,e0afe57d-aaf2-4cd9-b1d3-579ee656a38f,9,"April 29, 2024",17.2
a7585ab6-e4e3-4d0b-9e27-f19125086d7a,73584d32-36c2-47a2-8931-8d673142799a,df9c4860-dfbc-48b7-bdda-151513aec51f,3,2024/10/27,10.75
dcd1a059-f222-41c4-8b30-64324f855891,1ad37f48-48b5-4366-abbe-f12ff17ee122,e0afe57d-aaf2-4cd9-b1d3-579ee656a38f,1,2024/04/21,16.13
71d34418-e138-4228-83c4-28841e7b610a,1ad37f48-48b5-4366-abbe-f12ff17ee122,c6e22882-ab6f-4b40-a811-57c2b0a4ae5d,10,2024-10-07,11.48
e1968346-9be2-4b61-a0e4-6ad5a1ce3dd3,967ef768-b078-43f9-88a3-703ff050bd59,e3bc2ab8-6e76-48e2-92a0-e4f1f27ea0bc,1,"April 05, 2024",18.64
af0cb8a8-8842-4661-b33a-301dabe1e791,09b47ece-9b7e-4b2e-be57-b0d22a19a515,cfdaf658-8fc6-4ca1-89ec-bb89dd3f2a8f,8,08/02/2024,16.53
87e9b3ed-8b05-4217-b008-d4d780659e0c,50acef5e-cf8b-4164-a3df-b8e815be94f0,c0e7d22d-45c2-45e2-9994-38c67e622b05,5,2024/02/05,6.84
8d53230d-786d-4f61-8f39-db826fceb2bd,7d2714eb-0f4d-4678-b8f8-874f8f5d0321,4c5a307e-78b9-4290-89d0-aa95b6fed8cd,5,02/05/2024,15.52
2d0c74ab-b282-49db-9737-5e3c38fc52b1,1cd0e7db-18b3-4fda-b087-3db1e2c8b650,6a8c7b88-109d-4c16-b8a4-dd746a85cf9c,7,06/19/2024,6.65
1230157c-5182-4131-91ff-1ba896a7c732,7d2714eb-0f4d-4678-b8f8-874f8f5d0321,8d954cbc-f7ec-47b9-8108-3df8e61dd04e,4,06/26/2024,11.44
8da76e5a-d59f-4b87-9cab-f64f54705cae,e4bafc6b-5548-45b5-8ef5-b51462a601b8,779851ce-26fd-455b-b313-d408ec90c18f,1,28-02-2024,11.85
5589595c-2170-46ac-9c8c-beabb6016a81,d1a10e64-e011-4ac6-8d2e-29ba3d7df5b2,d99f195f-c737-48f4-b1ec-98e97c771ffd,6,2024-02-06,4.73
615c0679-e18f-4bf9-a843-666762303bd1,80a21800-3711-432e-8302-5d46d3e828a8,e8083238-1419-471e-93e1-25463dcce67a,8,26-01-2024,6.22
eacdcdb8-c207-4c0c-9980-29a48abb2fbe,0e254a05-ba1f-4cdf-b0a1-991eb480376e,df9c4860-dfbc-48b7-bdda-151513aec51f,7,2024/01/22,5.36
299e15b6-1380-436a-9d04-881c0fda6234,50acef5e-cf8b-4164-a3df-b8e815be94f0,06834baa-35cc-49d8-8379-bc4e2ccbd61a,5,"October 03, 2024",15.2
6124abec-471b-4def-932f-9006dd937261,5fe156c6-3070-4ff4-886c-ca98fbc10c31,ed7d48cf-14df-4442-a59f-2b9b25afacc7,4,"February 17, 2024",5.75
e339fda3-1911-400d-8642-1f6c697e3970,73584d32-36c2-47a2-8931-8d673142799a,24627162-4278-43d3-a8fc-bad5a0b0d2cd,6,2024-03-22,6.67
4016d399-e033-421d-aef4-f055597ad17f,570436dc-9e27-4523-9d3d-76a4d02794ac,4a2ca160-aec2-4665-be44-61fd561edfba,6,"April 19, 2024",10.83
bc886e61-6077-4d86-9819-a2eb7739e723,e4bafc6b-5548-45b5-8ef5-b51462a601b8,dd98c054-b910-4d10-991d-82adca90c819,7,2024-06-17,2.19
d73caf81-f500-404c-a548-70e7c36a7821,386f3a5d-0f59-418e-b801-e87d4e934d0e,85dae690-f228-43ab-901b-4a9b667c67aa,1,2024-08-20,15.56
f44eabf2-a883-4364-940b-30cd63a10595,1cd0e7db-18b3-4fda-b087-3db1e2c8b650,b5991c56-e291-4865-8096-c294000f2875,7,02/09/2024,4.34
782b9326-aa13-46d9-9e9f-be79f35368fc,088a0530-7d47-4cc5-b5fe-970fe90f739e,565e15ea-aa0b-4c90-91a5-8eca620eaf66,5,07-09-2024,18.04
f8abd6e2-b370-43d9-a427-5baa13821aa7,1cd0e7db-18b3-4fda-b087-3db1e2c8b650,618abed2-9361-4906-a06e-661dec867184,1,07-10-2024,17.28
2249a636-5bd2-44e4-8d06-f92358a9982e,09b47ece-9b7e-4b2e-be57-b0d22a19a515,ed7d48cf-14df-4442-a59f-2b9b25afacc7,6,06/07/2024,6.38
906b865d-2f3a-471c-98ff-905179ac8cd9,0e254a05-ba1f-4cdf-b0a1-991eb480376e,dd98c054-b910-4d10-991d-82adca90c819,2,03/28/2024,11.06
e26d0b5a-71b3-4606-8df5-b01def3b607d,1ad37f48-48b5-4366-abbe-f12ff17ee122,76482205-c170-49f4-95d9-29f1c0e4131d,2,2024/03/12,5.65
14ab6196-2d1d-4499-904f-afceacfbb9be,682bda8b-ca30-4a13-b402-98756c99ca31,6a8c7b88-109d-4c16-b8a4-dd746a85cf9c,8,2024-01-19,18.64
14b9c1ab-069f-4001-9143-ea13e09b0a5b,088a0530-7d47-4cc5-b5fe-970fe90f739e,76482205-c170-49f4-95d9-29f1c0e4131d,1,"June 14, 2024",1.59
3e38dce0-5a88-499b-8ef3-a5d60bb92bd1,42ed8206-a585-4852-8af9-61e425187eb6,de4740c0-6dd7-4e63-a406-8c601cf85f27,5,"April 28, 2024",11.1
7fb4702c-0128-4ebb-b336-0c55fcad2c8b,faa33a21-bfb5-452c-a713-02bc3c8f050b,f6cc844a-34de-4cb3-9ffc-c9356d2c00ea,10,06/20/2024,17.14
6d49000e-def7-45ee-98d7-e1f749c036b8,570436dc-9e27-4523-9d3d-76a4d02794ac,cfdaf658-8fc6-4ca1-89ec-bb89dd3f2a8f,7,02/13/2024,6.63
de606dcd-27bd-4d73-ab8c-9bca3b8fedcf,5fe156c6-3070-4ff4-886c-ca98fbc10c31,f10c6ee0-d446-4078-aa65-b16e3b30b002,5,2024/06/12,12.6
546b0f82-b5f4-40b0-a2d1-5de75f4f1be5,d1a10e64-e011-4ac6-8d2e-29ba3d7df5b2,16ec1185-6380-444c-beb8-306049d1eed5,1,05/29/2024,1.32
7af4eb40-1f8c-4dc4-8cb7-e07bfed8cf70,42ed8206-a585-4852-8af9-61e425187eb6,779851ce-26fd-455b-b313-d408ec90c18f,10,2024-07-31,2.03
3f0ac307-7d08-4361-be9f-0b389d43153a,d60670d3-a5f3-481d-9c5d-19eb6268d53a,de4740c0-6dd7-4e63-a406-8c601cf85f27,8,05/29/2024,6.12
f239dc7d-a066-48ea-ba8f-d7f512a2913a,09b47ece-9b7e-4b2e-be57-b0d22a19a515,e8083238-1419-471e-93e1-25463dcce67a,3,2024-03-05,9.71
50797b6e-3c6a-4e38-adb3-9632c18abdf4,d32a9408-f090-418b-bc28-7a0ec03b6dee,ed7d48cf-14df-4442-a59f-2b9b25afacc7,4,"July 14, 2024",13.45
a16a7e8c-7218-4867-9f78-c7731f8aee18,682bda8b-ca30-4a13-b402-98756c99ca31,380fa250-fe6d-4155-adfc-ea3d7d5654f5,4,2024/06/13,7.22
08762c3c-9933-4a8d-9240-ea658225c215,42ed8206-a585-4852-8af9-61e425187eb6,16ec1185-6380-444c-beb8-306049d1eed5,4,11-04-2024,9.01
983f9666-aec8-471f-b176-e1660584d658,73584d32-36c2-47a2-8931-8d673142799a,ebb250a9-2a73-45e4-b503-e34a5d499014,4,2024/01/16,4.22
38a9d0b4-8163-4102-a2f3-892ec606d039,1cd0e7db-18b3-4fda-b087-3db1e2c8b650,ff93357b-d490-4dc5-a773-7183a0c3e122,3,"June 21, 2024",3.46
dbf3f716-97bd-437e-ac0c-abb13e76b9fc,088a0530-7d47-4cc5-b5fe-970fe90f739e,a9393ae3-daeb-42c6-8b8a-1efe1762c59d,2,2024/10/03,18.04
d8fe6d83-ef64-4362-bd7f-0f5839a2913b,386f3a5d-0f59-418e-b801-e87d4e934d0e,dd98c054-b910-4d10-991d-82adca90c819,7,2024/05/02,3.44
5dc6b5ff-d62e-4540-a8d0-3a8d2b4a63dc,1cd0e7db-18b3-4fda-b087-3db1e2c8b650,8eaa1408-ef70-4b8f-9cef-b40056584657,1,2024/10/28,13.45
9d1d7130-3717-4ae4-8107-c80086e09364,7d2714eb-0f4d-4678-b8f8-874f8f5d0321,de4740c0-6dd7-4e63-a406-8c601cf85f27,6,"April 28, 2024",1.42
48396d92-347a-45c5-9846-09e950a96f32,d1a10e64-e011-4ac6-8d2e-29ba3d7df5b2,8d954cbc-f7ec-47b9-8108-3df8e61dd04e,3,"April 05, 2024",10.19
741c5c6c-da4d-4ac9-971b-a91a44faca65,faa33a21-bfb5-452c-a713-02bc3c8f050b,bcbd6c80-c7ac-4b0b-9868-577411f31561,8,2024/09/03,13.71
2e7088a7-cc48-4d8c-8000-a12fe53e39ed,09b47ece-9b7e-4b2e-be57-b0d22a19a515,7fdd5b57-5940-4694-b5f4-d3bed1867b60,5,2024/08/27,11.2
6bcdc70d-7a8d-4010-8a73-f029f26fe948,682bda8b-ca30-4a13-b402-98756c99ca31,24627162-4278-43d3-a8fc-bad5a0b0d2cd,9,2024/07/15,9.28
1cd73816-9591-4e7b-a38a-f609eb1ee836,570436dc-9e27-4523-9d3d-76a4d02794ac,bd8a19b3-c86d-4969-b7e4-8a87233f5958,4,2024/06/23,13.66
a7b58acd-4f06-4334-a70c-da192189b707,088a0530-7d47-4cc5-b5fe-970fe90f739e,380fa250-fe6d-4155-adfc-ea3d7d5654f5,3,2024-01-24,2.81
b3812d25-4787-40b7-bffe-60137d1425ca,570436dc-9e27-4523-9d3d-76a4d02794ac,bcbd6c80-c7ac-4b0b-9868-577411f31561,8,"July 12, 2024",18.35
d78b7747-c5bc-4f2a-85b6-f368c2619665,967ef768-b078-43f9-88a3-703ff050bd59,a9393ae3-daeb-42c6-8b8a-1efe1762c59d,5,07/31/2024,15.58
d3d99d19-3592-42f5-85e5-edcd828d4d31,73584d32-36c2-47a2-8931-8d673142799a,bd8a19b3-c86d-4969-b7e4-8a87233f5958,10,2024-06-09,10.64
7c74cfe3-4df7-45d0-a00d-cc8ca7880515,682bda8b-ca30-4a13-b402-98756c99ca31,f2d13b31-67cd-4dcc-a00e-da583d174cec,9,10/27/2024,4.35
9ff9718f-2288-42a4-bb1a-7d97a44519f1,96c7bca4-5cb7-4da8-9deb-32124176d529,f6cc844a-34de-4cb3-9ffc-c9356d2c00ea,1,2024-06-02,12.59
223e9ac2-32d2-4912-a0ad-689769abfb27,088a0530-7d47-4cc5-b5fe-970fe90f739e,ebb250a9-2a73-45e4-b503-e34a5d499014,6,2024/02/29,8.41
f6f9bd2f-f328-475e-9928-004eef5f14a1,faa33a21-bfb5-452c-a713-02bc3c8f050b,4a2ca160-aec2-4665-be44-61fd561edfba,2,"August 20, 2024",1.56
aa77a5b8-6e8f-4213-b816-9103442882c9,09b47ece-9b7e-4b2e-be57-b0d22a19a515,b5991c56-e291-4865-8096-c294000f2875,1,07/07/2024,2.19
53281b92-3a5a-4647-bef4-717695dc08b6,51b48600-3db2-4991-ab7a-1f86a0833258,565e15ea-aa0b-4c90-91a5-8eca620eaf66,10,09/01/2024,2.48
e1a2d2f5-8146-4231-87bb-4e74434a5bb1,1ad37f48-48b5-4366-abbe-f12ff17ee122,39d07259-0736-4a52-b188-e58a57fd4d10,8,2024/05/26,12.69
e6550f61-3918-4fd8-876c-71a00b230c2a,088a0530-7d47-4cc5-b5fe-970fe90f739e,b5991c56-e291-4865-8096-c294000f2875,6,02/07/2024,3.53
ee8567c3-26b7-4662-9733-f384f038d9b9,42ed8206-a585-4852-8af9-61e425187eb6,46161afc-0b2f-4018-bde9-cffb1484233e,8,"March 01, 2024",10.18
73d8d46d-7b43-4dcb-8ac3-575573805efd,0e254a05-ba1f-4cdf-b0a1-991eb480376e,4a2ca160-aec2-4665-be44-61fd561edfba,7,08/10/2024,8.69
23290475-67d4-4426-9398-453320d0bdc2,d60670d3-a5f3-481d-9c5d-19eb6268d53a,a9393ae3-daeb-42c6-8b8a-1efe1762c59d,8,2024-07-04,2.16
affdf3dc-2cf7-4952-8458-03c8b771014f,5fe156c6-3070-4ff4-886c-ca98fbc10c31,06834baa-35cc-49d8-8379-bc4e2ccbd61a,5,06/02/2024,7.45
1664a3f9-01e7-4cbd-8e92-f5301891743d,faa33a21-bfb5-452c-a713-02bc3c8f050b,cfdaf658-8fc6-4ca1-89ec-bb89dd3f2a8f,6,"June 16, 2024",6.11
d3b40e7b-078c-4a8b-b72d-bdcdab03332e,51b48600-3db2-4991-ab7a-1f86a0833258,cb9c5098-0d10-475d-8ec8-773464c01836,3,03-06-2024,16.0
9609e436-a701-4a25-805c-d649b7dd3291,56f160df-9550-44c3-b06c-11acfe302b6c,c6e22882-ab6f-4b40-a811-57c2b0a4ae5d,8,"February 12, 2024",12.51
